,id,foreign,name,lat,long
0,1101,11,KABUPATEN SIMEULUE,2.583333,96.083333
1,1102,11,KABUPATEN ACEH SINGKIL,2.3589458999999997,97.87216
2,1103,11,KABUPATEN ACEH SELATAN,3.3115056000000003,97.3516558
3,1104,11,KABUPATEN ACEH TENGGARA,3.3088665999999995,97.6982272
4,1105,11,KABUPATEN ACEH TIMUR,5.255443,95.9885456
5,1106,11,KABUPATEN ACEH TENGAH,4.448264099999999,96.8350999
6,1107,11,KABUPATEN ACEH BARAT,4.4542745,96.1526985
7,1108,11,KABUPATEN ACEH BESAR,5.4529168,95.4777811
8,1109,11,KABUPATEN PIDIE,5.0742659,95.94097099999999
9,1110,11,KABUPATEN BIREUEN,5.18254,96.89005
10,1111,11,KABUPATEN ACEH UTARA,4.9786331,97.2221421
11,1112,11,KABUPATEN ACEH BARAT DAYA,3.0512642999999997,97.3368031
12,1113,11,KABUPATEN GAYO LUES,3.955165,97.3516558
13,1114,11,KABUPATEN ACEH TAMIANG,4.2328871,98.0028892
14,1115,11,KABUPATEN NAGAN RAYA,4.124840600000001,96.4929797
15,1116,11,KABUPATEN ACEH JAYA,4.7873684,95.64579509999999
16,1117,11,KABUPATEN BENER MERIAH,4.7748348,97.0068393
17,1118,11,KABUPATEN PIDIE JAYA,5.1548063,96.195132
18,1171,11,KOTA BANDA ACEH,5.55,95.3166667
19,1172,11,KOTA SABANG,5.894692900000001,95.3192982
20,1173,11,KOTA LANGSA,4.48,97.9633333
21,1174,11,KOTA LHOKSEUMAWE,5.188055599999999,97.14027779999999
22,1175,11,KOTA SUBULUSSALAM,2.6449927000000004,98.0165205
23,1201,12,KABUPATEN NIAS,-8.1712591,113.7111274
24,1202,12,KABUPATEN MANDAILING NATAL,0.7432371999999999,99.3673084
25,1203,12,KABUPATEN TAPANULI SELATAN,1.5774933,99.2785583
26,1204,12,KABUPATEN TAPANULI TENGAH,1.8493298999999999,98.704075
27,1205,12,KABUPATEN TAPANULI UTARA,2.0405246,99.10134980000001
28,1206,12,KABUPATEN TOBA SAMOSIR,2.3502397999999998,99.2785583
29,1207,12,KABUPATEN LABUHAN BATU,null,null
30,1208,12,KABUPATEN ASAHAN,2.8174722,99.634135
31,1209,12,KABUPATEN SIMALUNGUN,2.9781612,99.2785583
32,1210,12,KABUPATEN DAIRI,2.8675801,98.265058
33,1211,12,KABUPATEN KARO,3.1052909,98.265058
34,1212,12,KABUPATEN DELI SERDANG,3.4201802000000003,98.704075
35,1213,12,KABUPATEN LANGKAT,3.8653915999999997,98.3088441
36,1214,12,KABUPATEN NIAS SELATAN,0.7086091,97.8286368
37,1215,12,KABUPATEN HUMBANG HASUNDUTAN,2.1988507999999998,98.5721016
38,1216,12,KABUPATEN PAKPAK BHARAT,2.545786,98.299838
39,1217,12,KABUPATEN SAMOSIR,2.3502397999999998,99.2785583
40,1218,12,KABUPATEN SERDANG BEDAGAI,3.3371693999999996,99.0571089
41,1219,12,KABUPATEN BATU BARA,3.1740979,99.5006143
42,1220,12,KABUPATEN PADANG LAWAS UTARA,1.5758644,99.634135
43,1221,12,KABUPATEN PADANG LAWAS,1.5758644,99.634135
44,1222,12,KABUPATEN LABUHAN BATU SELATAN,null,null
45,1223,12,KABUPATEN LABUHAN BATU UTARA,null,null
46,1224,12,KABUPATEN NIAS UTARA,1.1255278999999998,97.5247243
47,1225,12,KABUPATEN NIAS BARAT,1.1255278999999998,97.5247243
48,1271,12,KOTA SIBOLGA,1.7403745,98.7827988
49,1272,12,KOTA TANJUNG BALAI,2.965122,99.800331
50,1273,12,KOTA PEMATANG SIANTAR,2.96,99.06
51,1274,12,KOTA TEBING TINGGI,3.3856205000000004,99.2009815
52,1275,12,KOTA MEDAN,3.585242,98.6755979
53,1276,12,KOTA BINJAI,3.594462,98.48224599999999
54,1277,12,KOTA PADANGSIDIMPUAN,1.3804239999999999,99.273972
55,1278,12,KOTA GUNUNGSITOLI,1.2819639999999999,97.61594000000001
56,1301,13,KABUPATEN KEPULAUAN MENTAWAI,-1.426001,98.9245343
57,1302,13,KABUPATEN PESISIR SELATAN,-1.7223147,100.8903099
58,1303,13,KABUPATEN SOLOK,-0.803027,100.644402
59,1304,13,KABUPATEN SIJUNJUNG,-0.6881586,100.997658
60,1305,13,KABUPATEN TANAH DATAR,-0.4797043,100.57462240000001
61,1306,13,KABUPATEN PADANG PARIAMAN,-0.5546757,100.2151578
62,1307,13,KABUPATEN AGAM,-0.22093920000000003,100.17032569999999
63,1308,13,KABUPATEN LIMA PULUH KOTA,3.168216,99.4187929
64,1309,13,KABUPATEN PASAMAN,0.1288752,99.79017809999999
65,1310,13,KABUPATEN SOLOK SELATAN,-1.4157329,101.25237920000001
66,1311,13,KABUPATEN DHARMASRAYA,-1.1121,101.6158
67,1312,13,KABUPATEN PASAMAN BARAT,0.2213005,99.634135
68,1371,13,KOTA PADANG,1.5758644,99.634135
69,1372,13,KOTA SOLOK,-0.803027,100.644402
70,1373,13,KOTA SAWAH LUNTO,-0.6810286,100.7763604
71,1374,13,KOTA PADANG PANJANG,-0.470679,100.4059456
72,1375,13,KOTA BUKITTINGGI,-0.3055556,100.36916670000001
73,1376,13,KOTA PAYAKUMBUH,-0.22887,100.632301
74,1377,13,KOTA PARIAMAN,-0.5546757,100.2151578
75,1401,14,KABUPATEN KUANTAN SINGINGI,-0.44115959999999993,101.5248055
76,1402,14,KABUPATEN INDRAGIRI HULU,-0.7361181,102.25479190000001
77,1403,14,KABUPATEN INDRAGIRI HILIR,-0.1456733,102.989615
78,1404,14,KABUPATEN PELALAWAN,0.44141499999999995,102.088699
79,1405,14,KABUPATEN S I A K,-0.789275,113.921327
80,1406,14,KABUPATEN KAMPAR,0.146671,101.16173559999999
81,1407,14,KABUPATEN ROKAN HULU,1.0410934,100.439656
82,1408,14,KABUPATEN BENGKALIS,1.4897221999999999,102.0797222
83,1409,14,KABUPATEN ROKAN HILIR,1.6463978,100.80000509999999
84,1410,14,KABUPATEN KEPULAUAN MERANTI,0.9208765,102.6675575
85,1471,14,KOTA PEKANBARU,0.5333333,101.45
86,1473,14,KOTA D U M A I,null,null
87,1501,15,KABUPATEN KERINCI,-1.8720467,101.4339148
88,1502,15,KABUPATEN MERANGIN,-2.1752789,101.9804613
89,1503,15,KABUPATEN SAROLANGUN,-2.2654937000000004,102.69053259999998
90,1504,15,KABUPATEN BATANG HARI,-1.7083921999999998,103.0817903
91,1505,15,KABUPATEN MUARO JAMBI,-1.5966719999999999,103.615799
92,1506,15,KABUPATEN TANJUNG JABUNG TIMUR,-1.3291598999999998,103.89973
93,1507,15,KABUPATEN TANJUNG JABUNG BARAT,-1.2332121999999999,103.79844279999999
94,1508,15,KABUPATEN TEBO,-1.2592999,102.3463875
95,1509,15,KABUPATEN BUNGO,-1.6401337999999999,101.8891721
96,1571,15,KOTA JAMBI,-1.5966719999999999,103.615799
97,1572,15,KOTA SUNGAI PENUH,-2.06314,101.387199
98,1601,16,KABUPATEN OGAN KOMERING ULU,-4.0283486,104.0072348
99,1602,16,KABUPATEN OGAN KOMERING ILIR,-3.4559743999999997,105.2194808
100,1603,16,KABUPATEN MUARA ENIM,-3.6515809999999997,103.770798
101,1604,16,KABUPATEN LAHAT,-3.7863888999999995,103.5427778
102,1605,16,KABUPATEN MUSI RAWAS,-2.8625305,102.989615
103,1606,16,KABUPATEN MUSI BANYUASIN,-2.5442028999999997,103.7289167
104,1607,16,KABUPATEN BANYU ASIN,-2.6095639,104.7520939
105,1608,16,KABUPATEN OGAN KOMERING ULU SELATAN,-4.668195099999999,104.0072348
106,1609,16,KABUPATEN OGAN KOMERING ULU TIMUR,-3.8567934,104.7520939
107,1610,16,KABUPATEN OGAN ILIR,-3.4265440000000003,104.61214749999999
108,1611,16,KABUPATEN EMPAT LAWANG,-3.7286029000000003,102.8975098
109,1612,16,KABUPATEN PENUKAL ABAB LEMATANG ILIR,-3.2398,104.0072
110,1613,16,KABUPATEN MUSI RAWAS UTARA,-2.7878,102.7135
111,1671,16,KOTA PALEMBANG,-2.9911083,104.7567333
112,1672,16,KOTA PRABUMULIH,-3.440956,104.23539699999999
113,1673,16,KOTA PAGAR ALAM,-4.037669999999999,103.265297
114,1674,16,KOTA LUBUKLINGGAU,-3.2966667000000003,102.8616667
115,1701,17,KABUPATEN BENGKULU SELATAN,-4.324840900000001,103.03569399999999
116,1702,17,KABUPATEN REJANG LEBONG,-3.4548154,102.6675575
117,1703,17,KABUPATEN BENGKULU UTARA,-3.4219555,102.1632718
118,1704,17,KABUPATEN KAUR,-4.6792278,103.4511768
119,1705,17,KABUPATEN SELUMA,-4.062292899999999,102.5642261
120,1706,17,KABUPATEN MUKOMUKO,-2.5760002999999996,101.11698050000001
121,1707,17,KABUPATEN LEBONG,-3.4548154,102.6675575
122,1708,17,KABUPATEN KEPAHIANG,-3.6514309999999996,102.578201
123,1709,17,KABUPATEN BENGKULU TENGAH,-3.7955556000000006,102.25916670000001
124,1771,17,KOTA BENGKULU,-4.324840900000001,103.03569399999999
125,1801,18,KABUPATEN LAMPUNG BARAT,-5.149039599999999,104.19309179999999
126,1802,18,KABUPATEN TANGGAMUS,-5.3027489,104.5655273
127,1803,18,KABUPATEN LAMPUNG SELATAN,-5.562261400000001,105.54743729999998
128,1804,18,KABUPATEN LAMPUNG TIMUR,-5.1134995000000005,105.68817879999999
129,1805,18,KABUPATEN LAMPUNG TENGAH,-4.8008086,105.3131185
130,1806,18,KABUPATEN LAMPUNG UTARA,-4.8133905,104.7520939
131,1807,18,KABUPATEN WAY KANAN,-4.4963689,104.5655273
132,1808,18,KABUPATEN TULANGBAWANG,-4.3176575999999995,105.5005483
133,1809,18,KABUPATEN PESAWARAN,-5.493245,105.0791228
134,1810,18,KABUPATEN PRINGSEWU,-5.3539884,104.9622498
135,1811,18,KABUPATEN MESUJI,-4.0044783,105.3131185
136,1812,18,KABUPATEN TULANG BAWANG BARAT,-4.5257,105.0791
137,1813,18,KABUPATEN PESISIR BARAT,-5.2928,104.1234
138,1871,18,KOTA BANDAR LAMPUNG,-5.45,105.26666670000002
139,1872,18,KOTA METRO,-5.116666700000001,105.3
140,1901,19,KABUPATEN BANGKA,-7.0306912,112.7450068
141,1902,19,KABUPATEN BELITUNG,-2.8708937999999997,107.95318359999999
142,1903,19,KABUPATEN BANGKA BARAT,-2.2884782,106.0640179
143,1904,19,KABUPATEN BANGKA TENGAH,-2.2884782,106.0640179
144,1905,19,KABUPATEN BANGKA SELATAN,-2.2884782,106.0640179
145,1906,19,KABUPATEN BELITUNG TIMUR,-2.8708937999999997,107.95318359999999
146,1971,19,KOTA PANGKAL PINANG,-2.129323,106.109596
147,2101,21,KABUPATEN KARIMUN,1.05,103.3666667
148,2102,21,KABUPATEN BINTAN,1.0619173000000002,104.51892140000001
149,2103,21,KABUPATEN NATUNA,3.9329945,108.1812242
150,2104,21,KABUPATEN LINGGA,-3.2966667000000003,102.8616667
151,2105,21,KABUPATEN KEPULAUAN ANAMBAS,3.1055,105.6537
152,2171,21,KOTA B A T A M,null,null
153,2172,21,KOTA TANJUNG PINANG,0.9179205,104.446464
154,3101,31,KABUPATEN KEPULAUAN SERIBU,-5.7985266,106.5071982
155,3171,31,KOTA JAKARTA SELATAN,-6.332973,106.807915
156,3172,31,KOTA JAKARTA TIMUR,-6.211544,106.84517199999999
157,3173,31,KOTA JAKARTA PUSAT,-6.211544,106.84517199999999
158,3174,31,KOTA JAKARTA BARAT,-6.211544,106.84517199999999
159,3175,31,KOTA JAKARTA UTARA,-6.211544,106.84517199999999
160,3201,32,KABUPATEN BOGOR,-6.6,106.8
161,3202,32,KABUPATEN SUKABUMI,-6.92405,106.922203
162,3203,32,KABUPATEN CIANJUR,-6.8172531,107.13072890000001
163,3204,32,KABUPATEN BANDUNG,-6.9147444,107.6098111
164,3205,32,KABUPATEN GARUT,-7.227906,107.908699
165,3206,32,KABUPATEN TASIKMALAYA,-7.327953999999999,108.214104
166,3207,32,KABUPATEN CIAMIS,-7.3333333,108.35
167,3208,32,KABUPATEN KUNINGAN,-6.9833333,108.48333329999998
168,3209,32,KABUPATEN CIREBON,-6.715534,108.564003
169,3210,32,KABUPATEN MAJALENGKA,-6.8531026,108.22588970000001
170,3211,32,KABUPATEN SUMEDANG,0.6095949,110.0330554
171,3212,32,KABUPATEN INDRAMAYU,-6.336315,108.32510400000001
172,3213,32,KABUPATEN SUBANG,-6.569361,107.752403
173,3214,32,KABUPATEN PURWAKARTA,-6.538680599999999,107.4499404
174,3215,32,KABUPATEN KARAWANG,-6.3227303,107.3375791
175,3216,32,KABUPATEN BEKASI,-6.2333333,107.0
176,3217,32,KABUPATEN BANDUNG BARAT,-6.8937121,107.4321959
177,3218,32,KABUPATEN PANGANDARAN,-7.6151,108.4988
178,3271,32,KOTA BOGOR,-6.6,106.8
179,3272,32,KOTA SUKABUMI,-6.92405,106.922203
180,3273,32,KOTA BANDUNG,-6.9147444,107.6098111
181,3274,32,KOTA CIREBON,-6.715534,108.564003
182,3275,32,KOTA BEKASI,-6.2333333,107.0
183,3276,32,KOTA DEPOK,-6.39,106.83
184,3277,32,KOTA CIMAHI,-6.8802389999999995,107.5355
185,3278,32,KOTA TASIKMALAYA,-7.327953999999999,108.214104
186,3279,32,KOTA BANJAR,-7.366666700000001,108.53333329999998
187,3301,33,KABUPATEN CILACAP,-7.733333,109.0
188,3302,33,KABUPATEN BANYUMAS,-7.4832133,109.14043799999999
189,3303,33,KABUPATEN PURBALINGGA,-7.390747,109.3638
190,3304,33,KABUPATEN BANJARNEGARA,-7.402705999999999,109.68139599999999
191,3305,33,KABUPATEN KEBUMEN,-7.678682000000001,109.656502
192,3306,33,KABUPATEN PURWOREJO,-7.709731,110.008003
193,3307,33,KABUPATEN WONOSOBO,-7.362108999999999,109.899399
194,3308,33,KABUPATEN MAGELANG,-7.481253,110.213799
195,3309,33,KABUPATEN BOYOLALI,-7.5238190000000005,110.595901
196,3310,33,KABUPATEN KLATEN,-7.7116869999999995,110.595497
197,3311,33,KABUPATEN SUKOHARJO,-7.6808818,110.81952920000002
198,3312,33,KABUPATEN WONOGIRI,-7.817782000000001,110.920601
199,3313,33,KABUPATEN KARANGANYAR,-7.596111099999999,110.95083329999999
200,3314,33,KABUPATEN SRAGEN,-7.430229,111.021301
201,3315,33,KABUPATEN GROBOGAN,-7.0217194,110.96258540000001
202,3316,33,KABUPATEN BLORA,-6.95,111.41666670000001
203,3317,33,KABUPATEN REMBANG,-6.711239999999999,111.345299
204,3318,33,KABUPATEN PATI,-6.7513380000000005,111.038002
205,3319,33,KABUPATEN KUDUS,-6.804086999999999,110.83820300000001
206,3320,33,KABUPATEN JEPARA,-6.559605900000001,110.6717
207,3321,33,KABUPATEN DEMAK,-6.888114999999999,110.639297
208,3322,33,KABUPATEN SEMARANG,-6.9666667,110.41666670000001
209,3323,33,KABUPATEN TEMANGGUNG,-7.316669,110.174797
210,3324,33,KABUPATEN KENDAL,-6.9196860000000004,110.205597
211,3325,33,KABUPATEN BATANG,-1.7083921999999998,103.0817903
212,3326,33,KABUPATEN PEKALONGAN,-6.882886999999999,109.66999799999999
213,3327,33,KABUPATEN PEMALANG,-6.884233999999999,109.377998
214,3328,33,KABUPATEN TEGAL,-6.866666700000001,109.13333329999999
215,3329,33,KABUPATEN BREBES,-6.883333299999999,109.05
216,3371,33,KOTA MAGELANG,-7.481253,110.213799
217,3372,33,KOTA SURAKARTA,-7.5666667,110.81666670000001
218,3373,33,KOTA SALATIGA,-7.302328,110.4729
219,3374,33,KOTA SEMARANG,-6.9666667,110.41666670000001
220,3375,33,KOTA PEKALONGAN,-6.882886999999999,109.66999799999999
221,3376,33,KOTA TEGAL,-6.866666700000001,109.13333329999999
222,3401,34,KABUPATEN KULON PROGO,-7.8266798,110.1640846
223,3402,34,KABUPATEN BANTUL,-7.884611099999999,110.3341111
224,3403,34,KABUPATEN GUNUNG KIDUL,-8.0305091,110.61689209999999
225,3404,34,KABUPATEN SLEMAN,-7.716164999999999,110.335403
226,3471,34,KOTA YOGYAKARTA,-7.797224000000001,110.368797
227,3501,35,KABUPATEN PACITAN,-8.204614,111.08769
228,3502,35,KABUPATEN PONOROGO,-7.867827,111.466003
229,3503,35,KABUPATEN TRENGGALEK,-8.05,111.71666670000002
230,3504,35,KABUPATEN TULUNGAGUNG,-8.0666667,111.9
231,3505,35,KABUPATEN BLITAR,-8.101441900000001,112.16276200000001
232,3506,35,KABUPATEN KEDIRI,-7.809356,112.03235600000001
233,3507,35,KABUPATEN MALANG,-8.0495643,112.68845490000001
234,3508,35,KABUPATEN LUMAJANG,-8.137022,113.226601
235,3509,35,KABUPATEN JEMBER,-8.172357,113.70030200000001
236,3510,35,KABUPATEN BANYUWANGI,-8.218611099999999,114.36694440000001
237,3511,35,KABUPATEN BONDOWOSO,-7.917704,113.813483
238,3512,35,KABUPATEN SITUBONDO,-7.702534,113.955605
239,3513,35,KABUPATEN PROBOLINGGO,-7.753964999999999,113.210675
240,3514,35,KABUPATEN PASURUAN,-6.8623098,108.8001936
241,3515,35,KABUPATEN SIDOARJO,-7.453027799999999,112.7173389
242,3516,35,KABUPATEN MOJOKERTO,-7.488075,112.427027
243,3517,35,KABUPATEN JOMBANG,-7.546839500000001,112.2264794
244,3518,35,KABUPATEN NGANJUK,-7.602932000000001,111.901808
245,3519,35,KABUPATEN MADIUN,-7.627753,111.50548300000001
246,3520,35,KABUPATEN MAGETAN,-7.6493413,111.33815929999999
247,3521,35,KABUPATEN NGAWI,-7.3899300000000006,111.46193000000001
248,3522,35,KABUPATEN BOJONEGORO,0.8826809999999999,124.46695659999999
249,3523,35,KABUPATEN TUBAN,-8.7493146,115.17112979999999
250,3524,35,KABUPATEN LAMONGAN,-7.406153,109.3946794
251,3525,35,KABUPATEN GRESIK,-7.15665,112.6555
252,3526,35,KABUPATEN BANGKALAN,-7.0306912,112.7450068
253,3527,35,KABUPATEN SAMPANG,-7.578255599999999,109.2058436
254,3528,35,KABUPATEN PAMEKASAN,-7.1666667,113.46666670000002
255,3529,35,KABUPATEN SUMENEP,-6.925399900000001,113.90606240000001
256,3571,35,KOTA KEDIRI,-7.809356,112.03235600000001
257,3572,35,KOTA BLITAR,-8.101441900000001,112.16276200000001
258,3573,35,KOTA MALANG,-8.0495643,112.68845490000001
259,3574,35,KOTA PROBOLINGGO,-7.753964999999999,113.210675
260,3575,35,KOTA PASURUAN,-6.8623098,108.8001936
261,3576,35,KOTA MOJOKERTO,-7.488075,112.427027
262,3577,35,KOTA MADIUN,-7.627753,111.50548300000001
263,3578,35,KOTA SURABAYA,-7.289166000000001,112.734398
264,3579,35,KOTA BATU,-7.8671,112.5239
265,3601,36,KABUPATEN PANDEGLANG,-6.3148349999999995,106.103897
266,3602,36,KABUPATEN LEBAK,-6.564395599999999,106.25221429999999
267,3603,36,KABUPATEN TANGERANG,-6.2888889,106.71805559999999
268,3604,36,KABUPATEN SERANG,-6.12009,106.150299
269,3671,36,KOTA TANGERANG,-6.2888889,106.71805559999999
270,3672,36,KOTA CILEGON,-6.0169825,106.04050600000001
271,3673,36,KOTA SERANG,-6.12009,106.150299
272,3674,36,KOTA TANGERANG SELATAN,-6.2888889,106.71805559999999
273,5101,51,KABUPATEN JEMBRANA,-8.361852,114.6418
274,5102,51,KABUPATEN TABANAN,-8.544516,115.11979699999999
275,5103,51,KABUPATEN BADUNG,-8.5819296,115.1770586
276,5104,51,KABUPATEN GIANYAR,-8.544185,115.3255
277,5105,51,KABUPATEN KLUNGKUNG,-8.5389222,115.40451110000001
278,5106,51,KABUPATEN BANGLI,-8.454303,115.354897
279,5107,51,KABUPATEN KARANG ASEM,-6.3996057,108.05030420000001
280,5108,51,KABUPATEN BULELENG,-8.113831,115.126999
281,5171,51,KOTA DENPASAR,-8.65629,115.222099
282,5201,52,KABUPATEN LOMBOK BARAT,-8.6464599,116.1123078
283,5202,52,KABUPATEN LOMBOK TENGAH,-8.694623,116.27770729999999
284,5203,52,KABUPATEN LOMBOK TIMUR,-8.513447099999999,116.5609857
285,5204,52,KABUPATEN SUMBAWA,-8.6529334,117.3616476
286,5205,52,KABUPATEN DOMPU,-8.496631800000001,118.4747173
287,5206,52,KABUPATEN BIMA,-8.460566,118.727402
288,5207,52,KABUPATEN SUMBAWA BARAT,-8.9292907,116.89103419999999
289,5208,52,KABUPATEN LOMBOK UTARA,-8.3739076,116.27770729999999
290,5271,52,KOTA MATARAM,-8.583333300000001,116.11666670000001
291,5272,52,KOTA BIMA,-8.460566,118.727402
292,5301,53,KABUPATEN SUMBA BARAT,-9.6548326,119.3947135
293,5302,53,KABUPATEN SUMBA TIMUR,-9.9802103,120.3435506
294,5303,53,KABUPATEN KUPANG,-10.183333300000001,123.58333329999999
295,5304,53,KABUPATEN TIMOR TENGAH SELATAN,-9.776281599999999,124.4198243
296,5305,53,KABUPATEN TIMOR TENGAH UTARA,-9.452264699999999,124.597132
297,5306,53,KABUPATEN BELU,-9.4125796,124.9506625
298,5307,53,KABUPATEN ALOR,-8.2754027,124.72987649999999
299,5308,53,KABUPATEN LEMBATA,-8.4719075,123.4831906
300,5309,53,KABUPATEN FLORES TIMUR,-8.3130942,122.9663018
301,5310,53,KABUPATEN SIKKA,-8.6766175,122.12918429999999
302,5311,53,KABUPATEN ENDE,-8.854053,121.654198
303,5312,53,KABUPATEN NGADA,-8.7430424,120.9876321
304,5313,53,KABUPATEN MANGGARAI,-8.6796987,120.38966509999999
305,5314,53,KABUPATEN ROTE NDAO,-10.7386421,123.12390490000001
306,5315,53,KABUPATEN MANGGARAI BARAT,-8.668814900000001,120.0665236
307,5316,53,KABUPATEN SUMBA TENGAH,-9.4879226,119.69626770000002
308,5317,53,KABUPATEN SUMBA BARAT DAYA,-9.539139,119.13906419999999
309,5318,53,KABUPATEN NAGEKEO,-8.6753545,121.3084088
310,5319,53,KABUPATEN MANGGARAI TIMUR,-8.6206712,120.6199895
311,5320,53,KABUPATEN SABU RAIJUA,-10.554111599999999,121.8334868
312,5321,53,KABUPATEN MALAKA,-9.5309,124.9066
313,5371,53,KOTA KUPANG,-10.183333300000001,123.58333329999999
314,6101,61,KABUPATEN SAMBAS,1.361328,109.309998
315,6102,61,KABUPATEN BENGKAYANG,0.8209728999999999,109.477699
316,6103,61,KABUPATEN LANDAK,0.4237287,109.7591675
317,6104,61,KABUPATEN MEMPAWAH,0.3897,109.1404
318,6105,61,KABUPATEN SANGGAU,0.119275,110.597298
319,6106,61,KABUPATEN KETAPANG,-1.859098,109.971901
320,6107,61,KABUPATEN SINTANG,0.080238,111.495499
321,6108,61,KABUPATEN KAPUAS HULU,-0.7931004,113.90606240000001
322,6109,61,KABUPATEN SEKADAU,0.015637,110.888603
323,6110,61,KABUPATEN MELAWI,-0.7000681,111.66607250000001
324,6111,61,KABUPATEN KAYONG UTARA,-0.9225877,110.0449662
325,6112,61,KABUPATEN KUBU RAYA,-0.35339380000000004,109.4735066
326,6171,61,KOTA PONTIANAK,-0.022522999999999998,109.330307
327,6172,61,KOTA SINGKAWANG,0.908795,108.984596
328,6201,62,KABUPATEN KOTAWARINGIN BARAT,-6.1961131,106.86301740000002
329,6202,62,KABUPATEN KOTAWARINGIN TIMUR,-6.1952992,106.8630737
330,6203,62,KABUPATEN KAPUAS,-0.7931004,113.90606240000001
331,6204,62,KABUPATEN BARITO SELATAN,-1.8759430000000001,114.8092691
332,6205,62,KABUPATEN BARITO UTARA,-0.9587136,115.094045
333,6206,62,KABUPATEN SUKAMARA,-2.6267517000000002,111.2368084
334,6207,62,KABUPATEN LAMANDAU,-1.9269166000000002,111.18911509999998
335,6208,62,KABUPATEN SERUYAN,-3.0123467,112.42914640000002
336,6209,62,KABUPATEN KATINGAN,-0.9758379,112.8105512
337,6210,62,KABUPATEN PULANG PISAU,-2.6849607000000004,113.9536466
338,6211,62,KABUPATEN GUNUNG MAS,-6.705277799999999,106.99138889999999
339,6212,62,KABUPATEN BARITO TIMUR,-2.0123999,115.18891599999999
340,6213,62,KABUPATEN MURUNG RAYA,-0.1362171,114.3341432
341,6271,62,KOTA PALANGKA RAYA,-2.21,113.92
342,6301,63,KABUPATEN TANAH LAUT,-3.7694047,114.8092691
343,6302,63,KABUPATEN KOTA BARU,-6.332973,106.807915
344,6303,63,KABUPATEN BANJAR,-7.366666700000001,108.53333329999998
345,6304,63,KABUPATEN BARITO KUALA,-3.0714737999999997,114.6667939
346,6305,63,KABUPATEN TAPIN,-2.9160746,115.0465991
347,6306,63,KABUPATEN HULU SUNGAI SELATAN,-2.7662681,115.23634080000001
348,6307,63,KABUPATEN HULU SUNGAI TENGAH,-2.6153162,115.5207358
349,6308,63,KABUPATEN HULU SUNGAI UTARA,-2.4421225,115.18891599999999
350,6309,63,KABUPATEN TABALONG,-1.8643020000000001,115.5681084
351,6310,63,KABUPATEN TANAH BUMBU,-3.4512244,115.5681084
352,6311,63,KABUPATEN BALANGAN,-2.3260425,115.61547320000001
353,6371,63,KOTA BANJARMASIN,-3.328499,114.589203
354,6372,63,KOTA BANJAR BARU,-3.4666667,114.75
355,6401,64,KABUPATEN PASER,-1.7175266,115.9467997
356,6402,64,KABUPATEN KUTAI BARAT,0.1353881,115.094045
357,6403,64,KABUPATEN KUTAI KARTANEGARA,-0.1336655,116.6081653
358,6404,64,KABUPATEN KUTAI TIMUR,0.9433773999999999,116.9852422
359,6405,64,KABUPATEN BERAU,2.0450883,117.3616476
360,6409,64,KABUPATEN PENAJAM PASER UTARA,-1.2917094,116.51379640000002
361,6411,64,KABUPATEN MAHAKAM HULU,null,null
362,6471,64,KOTA BALIKPAPAN,-1.2635389,116.82788329999998
363,6472,64,KOTA SAMARINDA,-0.502183,117.153801
364,6474,64,KOTA BONTANG,0.1333333,117.5
365,6501,65,KABUPATEN MALINAU,3.584221,116.647797
366,6502,65,KABUPATEN BULUNGAN,2.9042476,116.9852422
367,6503,65,KABUPATEN TANA TIDUNG,3.5518690000000004,117.07940819999999
368,6504,65,KABUPATEN NUNUKAN,4.0609227,117.666952
369,6571,65,KOTA TARAKAN,3.3,117.63333329999999
370,7101,71,KABUPATEN BOLAANG MONGONDOW,0.6870994,124.0641419
371,7102,71,KABUPATEN MINAHASA,1.0,124.58333329999999
372,7103,71,KABUPATEN KEPULAUAN SANGIHE,3.5303212,125.54389669999999
373,7104,71,KABUPATEN KEPULAUAN TALAUD,4.092,126.76799999999999
374,7105,71,KABUPATEN MINAHASA SELATAN,1.0946773,124.4641848
375,7106,71,KABUPATEN MINAHASA UTARA,1.5327973,124.99475100000001
376,7107,71,KABUPATEN BOLAANG MONGONDOW UTARA,0.818691,123.52800719999999
377,7108,71,KABUPATEN SIAU TAGULANDANG BIARO,2.345964,125.4124355
378,7109,71,KABUPATEN MINAHASA TENGGARA,1.0278551,124.72987649999999
379,7110,71,KABUPATEN BOLAANG MONGONDOW SELATAN,0.4053,123.8411
380,7111,71,KABUPATEN BOLAANG MONGONDOW TIMUR,0.7153,124.4642
381,7171,71,KOTA MANADO,1.4917014,124.84284299999999
382,7172,71,KOTA BITUNG,1.4553528999999998,125.204697
383,7173,71,KOTA TOMOHON,1.3234131000000002,124.8384504
384,7174,71,KOTA KOTAMOBAGU,0.7333333000000001,124.31666670000001
385,7201,72,KABUPATEN BANGGAI KEPULAUAN,-1.6408136999999998,123.55040759999999
386,7202,72,KABUPATEN BANGGAI,-1.6408136999999998,123.55040759999999
387,7203,72,KABUPATEN MOROWALI,-2.3003072,121.5370003
388,7204,72,KABUPATEN POSO,-1.3919219999999999,120.766998
389,7205,72,KABUPATEN DONGGALA,-0.42331549999999996,119.8352303
390,7206,72,KABUPATEN TOLI-TOLI,0.8768231,120.7579834
391,7207,72,KABUPATEN BUOL,0.9695451999999999,121.35416310000001
392,7208,72,KABUPATEN PARIGI MOUTONG,0.5817607,120.80394740000001
393,7209,72,KABUPATEN TOJO UNA-UNA,-1.098757,121.5370003
394,7210,72,KABUPATEN SIGI,-1.3834127,120.0665236
395,7211,72,KABUPATEN BANGGAI LAUT,-1.6735,123.5504
396,7212,72,KABUPATEN MOROWALI UTARA,-1.6312,121.3542
397,7271,72,KOTA PALU,-0.898583,119.850601
398,7301,73,KABUPATEN KEPULAUAN SELAYAR,-6.287000000000001,120.5049
399,7302,73,KABUPATEN BULUKUMBA,-5.432936799999999,120.20510959999999
400,7303,73,KABUPATEN BANTAENG,-5.5169315999999995,120.02029640000002
401,7304,73,KABUPATEN JENEPONTO,-5.554579,119.6730939
402,7305,73,KABUPATEN TAKALAR,-5.4162493,119.48756680000001
403,7306,73,KABUPATEN GOWA,-5.3102887999999995,119.742604
404,7307,73,KABUPATEN SINJAI,-5.2171961,120.11273500000001
405,7308,73,KABUPATEN MAROS,-4.94695,119.578903
406,7309,73,KABUPATEN PANGKAJENE DAN KEPULAUAN,-4.805035,119.55716770000001
407,7310,73,KABUPATEN BARRU,-4.4172651,119.6730939
408,7311,73,KABUPATEN BONE,-2.083333,120.21666699999999
409,7312,73,KABUPATEN SOPPENG,-4.3518541,119.92779469999999
410,7313,73,KABUPATEN WAJO,-4.022229,120.0665236
411,7314,73,KABUPATEN SIDENRENG RAPPANG,-3.7738981,120.02029640000002
412,7315,73,KABUPATEN PINRANG,-3.793071,119.6408
413,7316,73,KABUPATEN ENREKANG,-3.563128,119.7612
414,7317,73,KABUPATEN LUWU,-3.3052214,120.2512728
415,7318,73,KABUPATEN TANA TORAJA,-3.0753003,119.742604
416,7322,73,KABUPATEN LUWU UTARA,-2.2690446,119.9740534
417,7325,73,KABUPATEN LUWU TIMUR,-2.5825517999999996,121.1710389
418,7326,73,KABUPATEN TORAJA UTARA,-2.8621942000000002,119.8352303
419,7371,73,KOTA MAKASSAR,-5.133333299999999,119.41666670000001
420,7372,73,KOTA PAREPARE,-4.0096,119.6291
421,7373,73,KOTA PALOPO,-3.0,120.2
422,7401,74,KABUPATEN BUTON,-5.309635500000001,122.98883190000001
423,7402,74,KABUPATEN MUNA,-4.901629,122.6277455
424,7403,74,KABUPATEN KONAWE,-3.9380432,122.08374450000001
425,7404,74,KABUPATEN KOLAKA,-4.049665,121.59380300000001
426,7405,74,KABUPATEN KONAWE SELATAN,-4.2027915,122.44672379999999
427,7406,74,KABUPATEN BOMBANA,-4.6543462,121.90179540000001
428,7407,74,KABUPATEN WAKATOBI,-5.3264442,123.59519250000001
429,7408,74,KABUPATEN KOLAKA UTARA,-3.1347227,121.1710389
430,7409,74,KABUPATEN BUTON UTARA,-4.702342400000001,123.0338767
431,7410,74,KABUPATEN KONAWE UTARA,-3.3803290999999995,122.08374450000001
432,7411,74,KABUPATEN KOLAKA TIMUR,-4.2279,121.9018
433,7412,74,KABUPATEN KONAWE KEPULAUAN,-4.1361,123.1239
434,7413,74,KABUPATEN MUNA BARAT,-4.9016,122.6277
435,7414,74,KABUPATEN BUTON TENGAH,-5.3891,122.5599
436,7415,74,KABUPATEN BUTON SELATAN,-5.3096,122.9888
437,7471,74,KOTA KENDARI,-3.972201,122.51490279999999
438,7472,74,KOTA BAUBAU,null,null
439,7501,75,KABUPATEN BOALEMO,0.7013419,122.26538870000002
440,7502,75,KABUPATEN GORONTALO,0.5333333,123.06666670000001
441,7503,75,KABUPATEN POHUWATO,0.7055278,121.7195459
442,7504,75,KABUPATEN BONE BOLANGO,0.5657885,123.34861470000001
443,7505,75,KABUPATEN GORONTALO UTARA,0.9252646999999999,122.4920088
444,7571,75,KOTA GORONTALO,0.5333333,123.06666670000001
445,7601,76,KABUPATEN MAJENE,-3.0297251,118.9062794
446,7602,76,KABUPATEN POLEWALI MANDAR,-3.3419323,119.13906419999999
447,7603,76,KABUPATEN MAMASA,-2.9601349999999997,119.368202
448,7604,76,KABUPATEN MAMUJU,-2.7293363999999998,118.92957369999999
449,7605,76,KABUPATEN MAMUJU UTARA,-1.5264541999999999,119.51077079999999
450,7606,76,KABUPATEN MAMUJU TENGAH,-1.9354,119.5108
451,8101,81,KABUPATEN MALUKU TENGGARA BARAT,-7.532264200000001,131.3611121
452,8102,81,KABUPATEN MALUKU TENGGARA,-7.532264200000001,131.3611121
453,8103,81,KABUPATEN MALUKU TENGAH,-3.0166501,129.48644109999998
454,8104,81,KABUPATEN BURU,-3.3927754,126.7819505
455,8105,81,KABUPATEN KEPULAUAN ARU,-6.1946502,134.5501935
456,8106,81,KABUPATEN SERAM BAGIAN BARAT,-3.1271575,128.40083570000002
457,8107,81,KABUPATEN SERAM BAGIAN TIMUR,-3.4150761,130.39048799999998
458,8108,81,KABUPATEN MALUKU BARAT DAYA,-7.7851588000000005,126.34980970000001
459,8109,81,KABUPATEN BURU SELATAN,-3.3927754,126.7819505
460,8171,81,KOTA AMBON,-3.6560699999999997,128.166419
461,8172,81,KOTA TUAL,-5.6408510000000005,132.7475093
462,8201,82,KABUPATEN HALMAHERA BARAT,1.3121235,128.4849923
463,8202,82,KABUPATEN HALMAHERA TENGAH,1.3121235,128.4849923
464,8203,82,KABUPATEN KEPULAUAN SULA,-1.8666667000000001,125.36666670000001
465,8204,82,KABUPATEN HALMAHERA SELATAN,1.3121235,128.4849923
466,8205,82,KABUPATEN HALMAHERA UTARA,1.3121235,128.4849923
467,8206,82,KABUPATEN HALMAHERA TIMUR,1.3121235,128.4849923
468,8207,82,KABUPATEN PULAU MOROTAI,2.3657,128.4008
469,8208,82,KABUPATEN PULAU TALIABU,-1.8268,124.7741
470,8271,82,KOTA TERNATE,0.7833333,127.36666670000001
471,8272,82,KOTA TIDORE KEPULAUAN,0.6833333,127.4
472,9101,91,KABUPATEN FAKFAK,-2.885237,132.26582820000002
473,9102,91,KABUPATEN KAIMANA,-3.660925,133.774506
474,9103,91,KABUPATEN TELUK WONDAMA,-2.8551699,134.3236557
475,9104,91,KABUPATEN TELUK BINTUNI,-1.9056848000000002,133.329466
476,9105,91,KABUPATEN MANOKWARI,-0.8614530999999999,134.06204209999999
477,9106,91,KABUPATEN SORONG SELATAN,-0.8666666999999999,131.25
478,9107,91,KABUPATEN SORONG,-0.8666666999999999,131.25
479,9108,91,KABUPATEN RAJA AMPAT,-1.0915151,130.8778586
480,9109,91,KABUPATEN TAMBRAUW,-0.781856,132.3938375
481,9110,91,KABUPATEN MAYBRAT,-1.2971,132.3151
482,9111,91,KABUPATEN MANOKWARI SELATAN,-0.9990000000000001,133.0195
483,9112,91,KABUPATEN PEGUNUNGAN ARFAK,-1.1555,133.7142
484,9171,91,KOTA SORONG,-0.8666666999999999,131.25
485,9401,94,KABUPATEN MERAUKE,-8.4960406,140.39455269999996
486,9402,94,KABUPATEN JAYAWIJAYA,-4.0004481,138.7995122
487,9403,94,KABUPATEN JAYAPURA,-2.533,140.717
488,9404,94,KABUPATEN NABIRE,-3.5095462,135.75209850000002
489,9408,94,KABUPATEN KEPULAUAN YAPEN,-1.7469359,136.17090119999997
490,9409,94,KABUPATEN BIAK NUMFOR,-1.0381022,135.98008480000001
491,9410,94,KABUPATEN PANIAI,-3.7876441,136.3624686
492,9411,94,KABUPATEN PUNCAK JAYA,-4.083611100000001,137.18472219999998
493,9412,94,KABUPATEN MIMIKA,-4.4553223,137.1362125
494,9413,94,KABUPATEN BOVEN DIGOEL,-5.7400018,140.3481835
495,9414,94,KABUPATEN MAPPI,-7.102232000000001,139.396393
496,9415,94,KABUPATEN ASMAT,-5.0573958,138.3988186
497,9416,94,KABUPATEN YAHUKIMO,-4.4939717,139.52799960000002
498,9417,94,KABUPATEN PEGUNUNGAN BINTANG,-4.558987200000001,140.51355890000002
499,9418,94,KABUPATEN TOLIKARA,-3.481132,138.4787258
500,9419,94,KABUPATEN SARMI,-1.868727,138.743607
501,9420,94,KABUPATEN KEEROM,-3.3449536,140.76244930000001
502,9426,94,KABUPATEN WAROPEN,-2.8435717,136.670534
503,9427,94,KABUPATEN SUPIORI,-0.7295099,135.6385125
504,9428,94,KABUPATEN MAMBERAMO RAYA,-2.5331255,137.7637565
505,9429,94,KABUPATEN NDUGA,-4.4069496,138.2393528
506,9430,94,KABUPATEN LANNY JAYA,-3.9710330000000003,138.31902759999997
507,9431,94,KABUPATEN MAMBERAMO TENGAH,-2.3746,138.319
508,9432,94,KABUPATEN YALIMO,-3.7852847,139.4466005
509,9433,94,KABUPATEN PUNCAK,-4.083611100000001,137.18472219999998
510,9434,94,KABUPATEN DOGIYAI,-4.019387200000001,135.9610446
511,9435,94,KABUPATEN INTAN JAYA,-3.5076422,136.7478493
512,9436,94,KABUPATEN DEIYAI,-4.0974892999999994,136.4393054
513,9471,94,KOTA JAYAPURA,-2.533,140.717
